date,demand,price_discount_percentage,seasonal_event_multiplier
2020-05-17,82,0.0,1.0
2020-05-18,76,0.0,1.0
2020-05-19,67,0.0,1.0
2020-05-20,60,0.0,1.0
2020-05-21,84,0.0,1.0
2020-05-22,83,0.0,1.0
2020-05-23,78,0.0,1.0
2020-05-24,86,0.0,1.0
2020-05-25,75,0.0,1.0
2020-05-26,65,0.0,1.0
2020-05-27,74,0.0,1.0
2020-05-28,73,0.0,1.0
2020-05-29,85,0.0,1.0
2020-05-30,88,0.0,1.0
2020-05-31,99,0.0,1.0
2020-06-01,101,0.0,1.3
2020-06-02,87,0.0,1.3
2020-06-03,108,0.0,1.3
2020-06-04,96,0.0,1.3
2020-06-05,114,0.0,1.3
2020-06-06,129,0.0,1.3
2020-06-07,119,0.0,1.3
2020-06-08,115,0.0,1.3
2020-06-09,92,0.0,1.3
2020-06-10,102,0.0,1.3
2020-06-11,101,0.0,1.3
2020-06-12,120,0.0,1.3
2020-06-13,129,0.0,1.3
2020-06-14,112,0.0,1.3
2020-06-15,107,0.0,1.3
2020-06-16,102,0.0,1.3
2020-06-17,106,0.0,1.3
2020-06-18,100,0.0,1.3
2020-06-19,119,0.0,1.3
2020-06-20,129,0.0,1.3
2020-06-21,120,0.0,1.3
2020-06-22,103,0.0,1.3
2020-06-23,100,0.0,1.3
2020-06-24,110,0.0,1.3
2020-06-25,109,0.0,1.3
2020-06-26,115,0.0,1.3
2020-06-27,125,0.0,1.3
2020-06-28,113,0.0,1.3
2020-06-29,107,0.0,1.3
2020-06-30,90,0.0,1.3
2020-07-01,136,0.2,1.3
2020-07-02,147,0.2,1.3
2020-07-03,161,0.2,1.3
2020-07-04,149,0.2,1.3
2020-07-05,151,0.2,1.3
2020-07-06,136,0.2,1.3
2020-07-07,134,0.2,1.3
2020-07-08,145,0.2,1.3
2020-07-09,130,0.2,1.3
2020-07-10,148,0.2,1.3
2020-07-11,154,0.2,1.3
2020-07-12,151,0.2,1.3
2020-07-13,134,0.2,1.3
2020-07-14,130,0.2,1.3
2020-07-15,111,0.0,1.3
2020-07-16,109,0.0,1.3
2020-07-17,109,0.0,1.3
2020-07-18,125,0.0,1.3
2020-07-19,124,0.0,1.3
2020-07-20,102,0.0,1.3
2020-07-21,103,0.0,1.3
2020-07-22,119,0.0,1.3
2020-07-23,114,0.0,1.3
2020-07-24,130,0.0,1.3
2020-07-25,119,0.0,1.3
2020-07-26,118,0.0,1.3
2020-07-27,101,0.0,1.3
2020-07-28,96,0.0,1.3
2020-07-29,104,0.0,1.3
2020-07-30,106,0.0,1.3
2020-07-31,124,0.0,1.3
2020-08-01,115,0.0,1.3
2020-08-02,111,0.0,1.3
2020-08-03,102,0.0,1.3
2020-08-04,89,0.0,1.3
2020-08-05,102,0.0,1.3
2020-08-06,107,0.0,1.3
2020-08-07,102,0.0,1.3
2020-08-08,110,0.0,1.3
2020-08-09,108,0.0,1.3
2020-08-10,100,0.0,1.3
2020-08-11,100,0.0,1.3
2020-08-12,102,0.0,1.3
2020-08-13,107,0.0,1.3
2020-08-14,125,0.0,1.3
2020-08-15,116,0.0,1.3
2020-08-16,112,0.0,1.3
2020-08-17,101,0.0,1.3
2020-08-18,88,0.0,1.3
2020-08-19,101,0.0,1.3
2020-08-20,90,0.0,1.3
2020-08-21,103,0.0,1.3
2020-08-22,120,0.0,1.3
2020-08-23,110,0.0,1.3
2020-08-24,97,0.0,1.3
2020-08-25,90,0.0,1.3
2020-08-26,104,0.0,1.3
2020-08-27,99,0.0,1.3
2020-08-28,107,0.0,1.3
2020-08-29,107,0.0,1.3
2020-08-30,99,0.0,1.3
2020-08-31,95,0.0,1.3
2020-09-01,76,0.0,1.0
2020-09-02,69,0.0,1.0
2020-09-03,71,0.0,1.0
2020-09-04,85,0.0,1.0
2020-09-05,91,0.0,1.0
2020-09-06,85,0.0,1.0
2020-09-07,75,0.0,1.0
2020-09-08,59,0.0,1.0
2020-09-09,65,0.0,1.0
2020-09-10,61,0.0,1.0
2020-09-11,81,0.0,1.0
2020-09-12,90,0.0,1.0
2020-09-13,78,0.0,1.0
2020-09-14,67,0.0,1.0
2020-09-15,59,0.0,1.0
2020-09-16,71,0.0,1.0
2020-09-17,58,0.0,1.0
2020-09-18,63,0.0,1.0
2020-09-19,87,0.0,1.0
2020-09-20,76,0.0,1.0
2020-09-21,49,0.0,1.0
2020-09-22,59,0.0,1.0
2020-09-23,67,0.0,1.0
2020-09-24,65,0.0,1.0
2020-09-25,83,0.0,1.0
2020-09-26,69,0.0,1.0
2020-09-27,67,0.0,1.0
2020-09-28,66,0.0,1.0
2020-09-29,55,0.0,1.0
2020-09-30,63,0.0,1.0
2020-10-01,61,0.0,1.0
2020-10-02,73,0.0,1.0
2020-10-03,73,0.0,1.0
2020-10-04,63,0.0,1.0
2020-10-05,53,0.0,1.0
2020-10-06,56,0.0,1.0
2020-10-07,58,0.0,1.0
2020-10-08,52,0.0,1.0
2020-10-09,70,0.0,1.0
2020-10-10,70,0.0,1.0
2020-10-11,63,0.0,1.0
2020-10-12,61,0.0,1.0
2020-10-13,48,0.0,1.0
2020-10-14,71,0.0,1.0
2020-10-15,53,0.0,1.0
2020-10-16,70,0.0,1.0
2020-10-17,75,0.0,1.0
2020-10-18,59,0.0,1.0
2020-10-19,55,0.0,1.0
2020-10-20,47,0.0,1.0
2020-10-21,56,0.0,1.0
2020-10-22,54,0.0,1.0
2020-10-23,59,0.0,1.0
2020-10-24,79,0.0,1.0
2020-10-25,57,0.0,1.0
2020-10-26,55,0.0,1.0
2020-10-27,45,0.0,1.0
2020-10-28,51,0.0,1.0
2020-10-29,52,0.0,1.0
2020-10-30,60,0.0,1.0
2020-10-31,67,0.0,1.0
2020-11-01,67,0.0,1.0
2020-11-02,59,0.0,1.0
2020-11-03,65,0.0,1.0
2020-11-04,46,0.0,1.0
2020-11-05,48,0.0,1.0
2020-11-06,60,0.0,1.0
2020-11-07,55,0.0,1.0
2020-11-08,67,0.0,1.0
2020-11-09,51,0.0,1.0
2020-11-10,48,0.0,1.0
2020-11-11,57,0.0,1.0
2020-11-12,53,0.0,1.0
2020-11-13,52,0.0,1.0
2020-11-14,66,0.0,1.0
2020-11-15,54,0.0,1.0
2020-11-16,48,0.0,1.0
2020-11-17,43,0.0,1.0
2020-11-18,69,0.3,1.0
2020-11-19,98,0.3,1.0
2020-11-20,138,0.3,1.4
2020-11-21,133,0.3,1.4
2020-11-22,124,0.3,1.4
2020-11-23,111,0.3,1.4
2020-11-24,105,0.3,1.4
2020-11-25,117,0.3,1.4
2020-11-26,114,0.3,1.4
2020-11-27,132,0.3,1.4
2020-11-28,132,0.3,1.4
2020-11-29,114,0.3,1.4
2020-11-30,107,0.3,1.4
2020-12-01,79,0.3,1.0
2020-12-02,75,0.3,1.0
2020-12-03,78,0.3,1.0
2020-12-04,96,0.3,1.0
2020-12-05,87,0.3,1.0
2020-12-06,78,0.3,1.0
2020-12-07,85,0.3,1.0
2020-12-08,67,0.3,1.0
2020-12-09,46,0.0,1.0
2020-12-10,74,0.0,1.6
2020-12-11,86,0.0,1.6
2020-12-12,80,0.0,1.6
2020-12-13,85,0.0,1.6
2020-12-14,57,0.0,1.6
2020-12-15,54,0.0,1.6
2020-12-16,82,0.0,1.6
2020-12-17,78,0.0,1.6
2020-12-18,86,0.0,1.6
2020-12-19,95,0.0,1.6
2020-12-20,72,0.0,1.6
2020-12-21,64,0.0,1.6
2020-12-22,64,0.0,1.6
2020-12-23,69,0.0,1.6
2020-12-24,79,0.0,1.6
2020-12-25,65,0.0,1.0
2020-12-26,62,0.0,1.0
2020-12-27,52,0.0,1.0
2020-12-28,46,0.0,1.0
2020-12-29,29,0.0,1.0
2020-12-30,29,0.0,1.0
2020-12-31,30,0.0,1.0
2021-01-01,47,0.0,0.9
2021-01-02,52,0.0,0.9
2021-01-03,47,0.0,0.9
2021-01-04,39,0.0,0.9
2021-01-05,28,0.0,0.9
2021-01-06,40,0.0,0.9
2021-01-07,38,0.0,0.9
2021-01-08,53,0.0,0.9
2021-01-09,59,0.0,0.9
2021-01-10,42,0.0,0.9
2021-01-11,35,0.0,0.9
2021-01-12,32,0.0,0.9
2021-01-13,45,0.0,0.9
2021-01-14,31,0.0,0.9
2021-01-15,52,0.0,0.9
2021-01-16,45,0.0,0.9
2021-01-17,55,0.0,0.9
2021-01-18,43,0.0,0.9
2021-01-19,32,0.0,0.9
2021-01-20,33,0.0,0.9
2021-01-21,39,0.0,0.9
2021-01-22,51,0.0,0.9
2021-01-23,48,0.0,0.9
2021-01-24,52,0.0,0.9
2021-01-25,48,0.0,0.9
2021-01-26,35,0.0,0.9
2021-01-27,44,0.0,0.9
2021-01-28,38,0.0,0.9
2021-01-29,48,0.0,0.9
2021-01-30,58,0.0,0.9
2021-01-31,51,0.0,0.9
2021-02-01,44,0.0,0.9
2021-02-02,49,0.0,0.9
2021-02-03,45,0.0,0.9
2021-02-04,41,0.0,0.9
2021-02-05,47,0.0,0.9
2021-02-06,55,0.0,0.9
2021-02-07,55,0.0,0.9
2021-02-08,47,0.0,0.9
2021-02-09,31,0.0,0.9
2021-02-10,46,0.0,0.9
2021-02-11,44,0.0,0.9
2021-02-12,58,0.0,0.9
2021-02-13,61,0.0,0.9
2021-02-14,59,0.0,0.9
2021-02-15,42,0.0,0.9
2021-02-16,42,0.0,0.9
2021-02-17,43,0.0,0.9
2021-02-18,44,0.0,0.9
2021-02-19,48,0.0,0.9
2021-02-20,60,0.0,0.9
2021-02-21,49,0.0,0.9
2021-02-22,46,0.0,0.9
2021-02-23,46,0.0,0.9
2021-02-24,34,0.0,0.9
2021-02-25,41,0.0,0.9
2021-02-26,66,0.0,0.9
2021-02-27,55,0.0,0.9
2021-02-28,51,0.0,0.9
2021-03-01,44,0.0,1.0
2021-03-02,56,0.0,1.0
2021-03-03,52,0.0,1.0
2021-03-04,48,0.0,1.0
2021-03-05,61,0.0,1.0
2021-03-06,71,0.0,1.0
2021-03-07,63,0.0,1.0
2021-03-08,50,0.0,1.0
2021-03-09,48,0.0,1.0
2021-03-10,56,0.0,1.0
2021-03-11,54,0.0,1.0
2021-03-12,68,0.0,1.0
2021-03-13,82,0.0,1.0
2021-03-14,58,0.0,1.0
2021-03-15,54,0.0,1.0
2021-03-16,52,0.0,1.0
2021-03-17,49,0.0,1.0
2021-03-18,64,0.0,1.0
2021-03-19,75,0.0,1.0
2021-03-20,72,0.0,1.0
2021-03-21,57,0.0,1.0
2021-03-22,73,0.0,1.0
2021-03-23,52,0.0,1.0
2021-03-24,62,0.0,1.0
2021-03-25,68,0.0,1.0
2021-03-26,67,0.0,1.0
2021-03-27,76,0.0,1.0
2021-03-28,71,0.0,1.0
2021-03-29,71,0.0,1.0
2021-03-30,57,0.0,1.0
2021-03-31,68,0.0,1.0
2021-04-01,64,0.0,1.0
2021-04-02,73,0.0,1.0
2021-04-03,66,0.0,1.0
2021-04-04,84,0.0,1.0
2021-04-05,76,0.0,1.0
2021-04-06,56,0.0,1.0
2021-04-07,72,0.0,1.0
2021-04-08,73,0.0,1.0
2021-04-09,77,0.0,1.0
2021-04-10,71,0.0,1.0
2021-04-11,84,0.0,1.0
2021-04-12,69,0.0,1.0
2021-04-13,64,0.0,1.0
2021-04-14,69,0.0,1.0
2021-04-15,75,0.0,1.0
2021-04-16,72,0.0,1.0
2021-04-17,95,0.0,1.0
2021-04-18,72,0.0,1.0
2021-04-19,77,0.0,1.0
2021-04-20,65,0.0,1.0
2021-04-21,75,0.0,1.0
2021-04-22,80,0.0,1.0
2021-04-23,71,0.0,1.0
2021-04-24,84,0.0,1.0
2021-04-25,82,0.0,1.0
2021-04-26,79,0.0,1.0
2021-04-27,74,0.0,1.0
2021-04-28,77,0.0,1.0
2021-04-29,78,0.0,1.0
2021-04-30,76,0.0,1.0
2021-05-01,86,0.0,1.0
2021-05-02,86,0.0,1.0
2021-05-03,79,0.0,1.0
2021-05-04,71,0.0,1.0
2021-05-05,75,0.0,1.0
2021-05-06,85,0.0,1.0
2021-05-07,90,0.0,1.0
2021-05-08,100,0.0,1.0
2021-05-09,70,0.0,1.0
2021-05-10,77,0.0,1.0
2021-05-11,73,0.0,1.0
2021-05-12,83,0.0,1.0
2021-05-13,82,0.0,1.0
2021-05-14,85,0.0,1.0
2021-05-15,98,0.0,1.0
2021-05-16,90,0.0,1.0
2021-05-17,84,0.0,1.0
2021-05-18,82,0.0,1.0
2021-05-19,69,0.0,1.0
2021-05-20,83,0.0,1.0
2021-05-21,95,0.0,1.0
2021-05-22,88,0.0,1.0
2021-05-23,98,0.0,1.0
2021-05-24,84,0.0,1.0
2021-05-25,79,0.0,1.0
2021-05-26,75,0.0,1.0
2021-05-27,71,0.0,1.0
2021-05-28,82,0.0,1.0
2021-05-29,89,0.0,1.0
2021-05-30,85,0.0,1.0
2021-05-31,73,0.0,1.0
2021-06-01,101,0.0,1.3
2021-06-02,112,0.0,1.3
2021-06-03,111,0.0,1.3
2021-06-04,113,0.0,1.3
2021-06-05,123,0.0,1.3
2021-06-06,113,0.0,1.3
2021-06-07,103,0.0,1.3
2021-06-08,97,0.0,1.3
2021-06-09,116,0.0,1.3
2021-06-10,109,0.0,1.3
2021-06-11,134,0.0,1.3
2021-06-12,116,0.0,1.3
2021-06-13,122,0.0,1.3
2021-06-14,107,0.0,1.3
2021-06-15,92,0.0,1.3
2021-06-16,105,0.0,1.3
2021-06-17,115,0.0,1.3
2021-06-18,117,0.0,1.3
2021-06-19,125,0.0,1.3
2021-06-20,126,0.0,1.3
2021-06-21,108,0.0,1.3
2021-06-22,104,0.0,1.3
2021-06-23,106,0.0,1.3
2021-06-24,111,0.0,1.3
2021-06-25,123,0.0,1.3
2021-06-26,127,0.0,1.3
2021-06-27,119,0.0,1.3
2021-06-28,117,0.0,1.3
2021-06-29,112,0.0,1.3
2021-06-30,111,0.0,1.3
2021-07-01,115,0.0,1.3
2021-07-02,121,0.0,1.3
2021-07-03,124,0.0,1.3
2021-07-04,114,0.0,1.3
2021-07-05,143,0.2,1.3
2021-07-06,128,0.2,1.3
2021-07-07,139,0.2,1.3
2021-07-08,143,0.2,1.3
2021-07-09,149,0.2,1.3
2021-07-10,157,0.2,1.3
2021-07-11,149,0.2,1.3
2021-07-12,146,0.2,1.3
2021-07-13,144,0.2,1.3
2021-07-14,151,0.2,1.3
2021-07-15,145,0.2,1.3
2021-07-16,158,0.2,1.3
2021-07-17,154,0.2,1.3
2021-07-18,157,0.2,1.3
2021-07-19,106,0.0,1.3
2021-07-20,101,0.0,1.3
2021-07-21,113,0.0,1.3
2021-07-22,99,0.0,1.3
2021-07-23,126,0.0,1.3
2021-07-24,122,0.0,1.3
2021-07-25,119,0.0,1.3
2021-07-26,113,0.0,1.3
2021-07-27,101,0.0,1.3
2021-07-28,119,0.0,1.3
2021-07-29,115,0.0,1.3
2021-07-30,119,0.0,1.3
2021-07-31,129,0.0,1.3
2021-08-01,112,0.0,1.3
2021-08-02,106,0.0,1.3
2021-08-03,93,0.0,1.3
2021-08-04,106,0.0,1.3
2021-08-05,104,0.0,1.3
2021-08-06,106,0.0,1.3
2021-08-07,125,0.0,1.3
2021-08-08,111,0.0,1.3
2021-08-09,103,0.0,1.3
2021-08-10,91,0.0,1.3
2021-08-11,111,0.0,1.3
2021-08-12,104,0.0,1.3
2021-08-13,121,0.0,1.3
2021-08-14,123,0.0,1.3
2021-08-15,105,0.0,1.3
2021-08-16,93,0.0,1.3
2021-08-17,81,0.0,1.3
2021-08-18,97,0.0,1.3
2021-08-19,104,0.0,1.3
2021-08-20,115,0.0,1.3
2021-08-21,128,0.0,1.3
2021-08-22,107,0.0,1.3
2021-08-23,99,0.0,1.3
2021-08-24,88,0.0,1.3
2021-08-25,98,0.0,1.3
2021-08-26,97,0.0,1.3
2021-08-27,109,0.0,1.3
2021-08-28,115,0.0,1.3
2021-08-29,117,0.0,1.3
2021-08-30,96,0.0,1.3
2021-08-31,96,0.0,1.3
2021-09-01,75,0.0,1.0
2021-09-02,77,0.0,1.0
2021-09-03,89,0.0,1.0
2021-09-04,90,0.0,1.0
2021-09-05,77,0.0,1.0
2021-09-06,85,0.0,1.0
2021-09-07,67,0.0,1.0
2021-09-08,75,0.0,1.0
2021-09-09,69,0.0,1.0
2021-09-10,84,0.0,1.0
2021-09-11,87,0.0,1.0
2021-09-12,80,0.0,1.0
2021-09-13,83,0.0,1.0
2021-09-14,58,0.0,1.0
2021-09-15,73,0.0,1.0
2021-09-16,84,0.0,1.0
2021-09-17,75,0.0,1.0
2021-09-18,78,0.0,1.0
2021-09-19,72,0.0,1.0
2021-09-20,68,0.0,1.0
2021-09-21,72,0.0,1.0
2021-09-22,65,0.0,1.0
2021-09-23,69,0.0,1.0
2021-09-24,68,0.0,1.0
2021-09-25,79,0.0,1.0
2021-09-26,73,0.0,1.0
2021-09-27,69,0.0,1.0
2021-09-28,59,0.0,1.0
2021-09-29,62,0.0,1.0
2021-09-30,73,0.0,1.0
2021-10-01,80,0.0,1.0
2021-10-02,77,0.0,1.0
2021-10-03,72,0.0,1.0
2021-10-04,60,0.0,1.0
2021-10-05,62,0.0,1.0
2021-10-06,62,0.0,1.0
2021-10-07,70,0.0,1.0
2021-10-08,68,0.0,1.0
2021-10-09,74,0.0,1.0
2021-10-10,63,0.0,1.0
2021-10-11,59,0.0,1.0
2021-10-12,60,0.0,1.0
2021-10-13,65,0.0,1.0
2021-10-14,60,0.0,1.0
2021-10-15,66,0.0,1.0
2021-10-16,63,0.0,1.0
2021-10-17,70,0.0,1.0
2021-10-18,59,0.0,1.0
2021-10-19,55,0.0,1.0
2021-10-20,54,0.0,1.0
2021-10-21,60,0.0,1.0
2021-10-22,67,0.0,1.0
2021-10-23,60,0.0,1.0
2021-10-24,61,0.0,1.0
2021-10-25,58,0.0,1.0
2021-10-26,58,0.0,1.0
2021-10-27,51,0.0,1.0
2021-10-28,56,0.0,1.0
2021-10-29,70,0.0,1.0
2021-10-30,71,0.0,1.0
2021-10-31,67,0.0,1.0
2021-11-01,55,0.0,1.0
2021-11-02,54,0.0,1.0
2021-11-03,73,0.0,1.0
2021-11-04,72,0.0,1.0
2021-11-05,68,0.0,1.0
2021-11-06,75,0.0,1.0
2021-11-07,77,0.0,1.0
2021-11-08,51,0.0,1.0
2021-11-09,50,0.0,1.0
2021-11-10,62,0.0,1.0
2021-11-11,61,0.0,1.0
2021-11-12,67,0.0,1.0
2021-11-13,62,0.0,1.0
2021-11-14,61,0.0,1.0
2021-11-15,56,0.0,1.0
2021-11-16,80,0.3,1.0
2021-11-17,87,0.3,1.0
2021-11-18,95,0.3,1.0
2021-11-19,96,0.3,1.0
2021-11-20,140,0.3,1.4
2021-11-21,135,0.3,1.4
2021-11-22,123,0.3,1.4
2021-11-23,109,0.3,1.4
2021-11-24,127,0.3,1.4
2021-11-25,125,0.3,1.4
2021-11-26,135,0.3,1.4
2021-11-27,144,0.3,1.4
2021-11-28,122,0.3,1.4
2021-11-29,121,0.3,1.4
2021-11-30,113,0.3,1.4
2021-12-01,82,0.3,1.0
2021-12-02,77,0.3,1.0
2021-12-03,87,0.3,1.0
2021-12-04,97,0.3,1.0
2021-12-05,100,0.3,1.0
2021-12-06,82,0.3,1.0
2021-12-07,34,0.0,1.0
2021-12-08,55,0.0,1.0
2021-12-09,57,0.0,1.0
2021-12-10,97,0.0,1.6
2021-12-11,95,0.0,1.6
2021-12-12,87,0.0,1.6
2021-12-13,72,0.0,1.6
2021-12-14,64,0.0,1.6
2021-12-15,85,0.0,1.6
2021-12-16,80,0.0,1.6
2021-12-17,88,0.0,1.6
2021-12-18,95,0.0,1.6
2021-12-19,85,0.0,1.6
2021-12-20,74,0.0,1.6
2021-12-21,60,0.0,1.6
2021-12-22,81,0.0,1.6
2021-12-23,72,0.0,1.6
2021-12-24,88,0.0,1.6
2021-12-25,60,0.0,1.0
2021-12-26,63,0.0,1.0
2021-12-27,64,0.0,1.0
2021-12-28,42,0.0,1.0
2021-12-29,49,0.0,1.0
2021-12-30,52,0.0,1.0
2021-12-31,58,0.0,1.0
2022-01-01,48,0.0,0.9
2022-01-02,50,0.0,0.9
2022-01-03,50,0.0,0.9
2022-01-04,35,0.0,0.9
2022-01-05,49,0.0,0.9
2022-01-06,33,0.0,0.9
2022-01-07,50,0.0,0.9
2022-01-08,62,0.0,0.9
2022-01-09,51,0.0,0.9
2022-01-10,34,0.0,0.9
2022-01-11,43,0.0,0.9
2022-01-12,50,0.0,0.9
2022-01-13,46,0.0,0.9
2022-01-14,56,0.0,0.9
2022-01-15,45,0.0,0.9
2022-01-16,46,0.0,0.9
2022-01-17,47,0.0,0.9
2022-01-18,46,0.0,0.9
2022-01-19,50,0.0,0.9
2022-01-20,41,0.0,0.9
2022-01-21,59,0.0,0.9
2022-01-22,68,0.0,0.9
2022-01-23,54,0.0,0.9
2022-01-24,50,0.0,0.9
2022-01-25,31,0.0,0.9
2022-01-26,51,0.0,0.9
2022-01-27,49,0.0,0.9
2022-01-28,50,0.0,0.9
2022-01-29,58,0.0,0.9
2022-01-30,51,0.0,0.9
2022-01-31,39,0.0,0.9
2022-02-01,27,0.0,0.9
2022-02-02,49,0.0,0.9
2022-02-03,50,0.0,0.9
2022-02-04,49,0.0,0.9
2022-02-05,60,0.0,0.9
2022-02-06,63,0.0,0.9
2022-02-07,45,0.0,0.9
2022-02-08,48,0.0,0.9
2022-02-09,56,0.0,0.9
2022-02-10,50,0.0,0.9
2022-02-11,57,0.0,0.9
2022-02-12,59,0.0,0.9
2022-02-13,55,0.0,0.9
2022-02-14,51,0.0,0.9
2022-02-15,36,0.0,0.9
2022-02-16,57,0.0,0.9
2022-02-17,53,0.0,0.9
2022-02-18,59,0.0,0.9
2022-02-19,51,0.0,0.9
2022-02-20,60,0.0,0.9
2022-02-21,44,0.0,0.9
2022-02-22,43,0.0,0.9
2022-02-23,45,0.0,0.9
2022-02-24,54,0.0,0.9
2022-02-25,62,0.0,0.9
2022-02-26,73,0.0,0.9
2022-02-27,57,0.0,0.9
2022-02-28,48,0.0,0.9
2022-03-01,56,0.0,1.0
2022-03-02,58,0.0,1.0
2022-03-03,52,0.0,1.0
2022-03-04,64,0.0,1.0
2022-03-05,68,0.0,1.0
2022-03-06,52,0.0,1.0
2022-03-07,73,0.0,1.0
2022-03-08,45,0.0,1.0
2022-03-09,64,0.0,1.0
2022-03-10,75,0.0,1.0
2022-03-11,67,0.0,1.0
2022-03-12,69,0.0,1.0
2022-03-13,73,0.0,1.0
2022-03-14,80,0.0,1.0
2022-03-15,56,0.0,1.0
2022-03-16,61,0.0,1.0
2022-03-17,65,0.0,1.0
2022-03-18,87,0.0,1.0
2022-03-19,71,0.0,1.0
2022-03-20,82,0.0,1.0
2022-03-21,74,0.0,1.0
2022-03-22,57,0.0,1.0
2022-03-23,60,0.0,1.0
2022-03-24,70,0.0,1.0
2022-03-25,66,0.0,1.0
2022-03-26,86,0.0,1.0
2022-03-27,71,0.0,1.0
2022-03-28,64,0.0,1.0
2022-03-29,67,0.0,1.0
2022-03-30,66,0.0,1.0
2022-03-31,77,0.0,1.0
2022-04-01,87,0.0,1.0
2022-04-02,70,0.0,1.0
2022-04-03,76,0.0,1.0
2022-04-04,74,0.0,1.0
2022-04-05,59,0.0,1.0
2022-04-06,75,0.0,1.0
2022-04-07,77,0.0,1.0
2022-04-08,77,0.0,1.0
2022-04-09,72,0.0,1.0
2022-04-10,87,0.0,1.0
2022-04-11,65,0.0,1.0
2022-04-12,70,0.0,1.0
2022-04-13,74,0.0,1.0
2022-04-14,79,0.0,1.0
2022-04-15,93,0.0,1.0
2022-04-16,84,0.0,1.0
2022-04-17,86,0.0,1.0
2022-04-18,77,0.0,1.0
2022-04-19,67,0.0,1.0
2022-04-20,87,0.0,1.0
2022-04-21,77,0.0,1.0
2022-04-22,80,0.0,1.0
2022-04-23,84,0.0,1.0
2022-04-24,88,0.0,1.0
2022-04-25,71,0.0,1.0
2022-04-26,68,0.0,1.0
2022-04-27,81,0.0,1.0
2022-04-28,81,0.0,1.0
2022-04-29,76,0.0,1.0
2022-04-30,96,0.0,1.0
2022-05-01,88,0.0,1.0
2022-05-02,94,0.0,1.0
2022-05-03,69,0.0,1.0
2022-05-04,80,0.0,1.0
2022-05-05,81,0.0,1.0
2022-05-06,86,0.0,1.0
2022-05-07,92,0.0,1.0
2022-05-08,86,0.0,1.0
2022-05-09,84,0.0,1.0
2022-05-10,79,0.0,1.0
2022-05-11,69,0.0,1.0
2022-05-12,83,0.0,1.0
2022-05-13,105,0.0,1.0
2022-05-14,95,0.0,1.0
2022-05-15,85,0.0,1.0
2022-05-16,82,0.0,1.0
2022-05-17,79,0.0,1.0
2022-05-18,76,0.0,1.0
2022-05-19,84,0.0,1.0
2022-05-20,98,0.0,1.0
2022-05-21,96,0.0,1.0
2022-05-22,99,0.0,1.0
2022-05-23,83,0.0,1.0
2022-05-24,74,0.0,1.0
2022-05-25,86,0.0,1.0
2022-05-26,75,0.0,1.0
2022-05-27,95,0.0,1.0
2022-05-28,97,0.0,1.0
2022-05-29,96,0.0,1.0
2022-05-30,91,0.0,1.0
2022-05-31,78,0.0,1.0
2022-06-01,119,0.0,1.3
2022-06-02,124,0.0,1.3
2022-06-03,122,0.0,1.3
2022-06-04,138,0.0,1.3
2022-06-05,116,0.0,1.3
2022-06-06,113,0.0,1.3
2022-06-07,107,0.0,1.3
2022-06-08,124,0.0,1.3
2022-06-09,123,0.0,1.3
2022-06-10,128,0.0,1.3
2022-06-11,128,0.0,1.3
2022-06-12,127,0.0,1.3
2022-06-13,110,0.0,1.3
2022-06-14,112,0.0,1.3
2022-06-15,120,0.0,1.3
2022-06-16,129,0.0,1.3
2022-06-17,117,0.0,1.3
2022-06-18,125,0.0,1.3
2022-06-19,123,0.0,1.3
2022-06-20,135,0.0,1.3
2022-06-21,120,0.0,1.3
2022-06-22,110,0.0,1.3
2022-06-23,119,0.0,1.3
2022-06-24,129,0.0,1.3
2022-06-25,132,0.0,1.3
2022-06-26,122,0.0,1.3
2022-06-27,110,0.0,1.3
2022-06-28,103,0.0,1.3
2022-06-29,119,0.0,1.3
2022-06-30,124,0.0,1.3
2022-07-01,129,0.0,1.3
2022-07-02,149,0.0,1.3
2022-07-03,125,0.0,1.3
2022-07-04,102,0.0,1.3
2022-07-05,110,0.0,1.3
2022-07-06,115,0.0,1.3
2022-07-07,147,0.2,1.3
2022-07-08,176,0.2,1.3
2022-07-09,160,0.2,1.3
2022-07-10,169,0.2,1.3
2022-07-11,139,0.2,1.3
2022-07-12,145,0.2,1.3
2022-07-13,150,0.2,1.3
2022-07-14,146,0.2,1.3
2022-07-15,157,0.2,1.3
2022-07-16,163,0.2,1.3
2022-07-17,153,0.2,1.3
2022-07-18,157,0.2,1.3
2022-07-19,148,0.2,1.3
2022-07-20,154,0.2,1.3
2022-07-21,119,0.0,1.3
2022-07-22,120,0.0,1.3
2022-07-23,126,0.0,1.3
2022-07-24,129,0.0,1.3
2022-07-25,109,0.0,1.3
2022-07-26,98,0.0,1.3
2022-07-27,115,0.0,1.3
2022-07-28,120,0.0,1.3
2022-07-29,116,0.0,1.3
2022-07-30,134,0.0,1.3
2022-07-31,128,0.0,1.3
2022-08-01,114,0.0,1.3
2022-08-02,113,0.0,1.3
2022-08-03,118,0.0,1.3
2022-08-04,110,0.0,1.3
2022-08-05,132,0.0,1.3
2022-08-06,130,0.0,1.3
2022-08-07,123,0.0,1.3
2022-08-08,122,0.0,1.3
2022-08-09,109,0.0,1.3
2022-08-10,112,0.0,1.3
2022-08-11,108,0.0,1.3
2022-08-12,124,0.0,1.3
2022-08-13,124,0.0,1.3
2022-08-14,120,0.0,1.3
2022-08-15,103,0.0,1.3
2022-08-16,100,0.0,1.3
2022-08-17,110,0.0,1.3
2022-08-18,124,0.0,1.3
2022-08-19,123,0.0,1.3
2022-08-20,117,0.0,1.3
2022-08-21,128,0.0,1.3
2022-08-22,119,0.0,1.3
2022-08-23,104,0.0,1.3
2022-08-24,105,0.0,1.3
2022-08-25,108,0.0,1.3
2022-08-26,132,0.0,1.3
2022-08-27,126,0.0,1.3
2022-08-28,120,0.0,1.3
2022-08-29,111,0.0,1.3
2022-08-30,99,0.0,1.3
2022-08-31,101,0.0,1.3
2022-09-01,78,0.0,1.0
2022-09-02,91,0.0,1.0
2022-09-03,90,0.0,1.0
2022-09-04,88,0.0,1.0
2022-09-05,85,0.0,1.0
2022-09-06,61,0.0,1.0
2022-09-07,80,0.0,1.0
2022-09-08,74,0.0,1.0
2022-09-09,76,0.0,1.0
2022-09-10,90,0.0,1.0
2022-09-11,82,0.0,1.0
2022-09-12,71,0.0,1.0
2022-09-13,69,0.0,1.0
2022-09-14,74,0.0,1.0
2022-09-15,77,0.0,1.0
2022-09-16,88,0.0,1.0
2022-09-17,89,0.0,1.0
2022-09-18,84,0.0,1.0
2022-09-19,74,0.0,1.0
2022-09-20,63,0.0,1.0
2022-09-21,84,0.0,1.0
2022-09-22,80,0.0,1.0
2022-09-23,89,0.0,1.0
2022-09-24,76,0.0,1.0
2022-09-25,73,0.0,1.0
2022-09-26,70,0.0,1.0
2022-09-27,54,0.0,1.0
2022-09-28,72,0.0,1.0
2022-09-29,72,0.0,1.0
2022-09-30,87,0.0,1.0
2022-10-01,69,0.0,1.0
2022-10-02,83,0.0,1.0
2022-10-03,65,0.0,1.0
2022-10-04,53,0.0,1.0
2022-10-05,67,0.0,1.0
2022-10-06,54,0.0,1.0
2022-10-07,81,0.0,1.0
2022-10-08,80,0.0,1.0
2022-10-09,63,0.0,1.0
2022-10-10,69,0.0,1.0
2022-10-11,57,0.0,1.0
2022-10-12,65,0.0,1.0
2022-10-13,66,0.0,1.0
2022-10-14,67,0.05,1.0
2022-10-15,100,0.05,1.0
2022-10-16,76,0.05,1.0
2022-10-17,75,0.05,1.0
2022-10-18,62,0.05,1.0
2022-10-19,77,0.05,1.0
2022-10-20,72,0.0,1.0
2022-10-21,73,0.0,1.0
2022-10-22,70,0.0,1.0
2022-10-23,67,0.0,1.0
2022-10-24,57,0.0,1.0
2022-10-25,63,0.0,1.0
2022-10-26,69,0.0,1.0
2022-10-27,61,0.0,1.0
2022-10-28,71,0.0,1.0
2022-10-29,68,0.0,1.0
2022-10-30,70,0.0,1.0
2022-10-31,59,0.0,1.0
2022-11-01,62,0.0,1.0
2022-11-02,64,0.0,1.0
2022-11-03,67,0.0,1.0
2022-11-04,74,0.0,1.0
2022-11-05,71,0.0,1.0
2022-11-06,72,0.0,1.0
2022-11-07,61,0.0,1.0
2022-11-08,51,0.0,1.0
2022-11-09,49,0.0,1.0
2022-11-10,52,0.0,1.0
2022-11-11,77,0.0,1.0
2022-11-12,75,0.0,1.0
2022-11-13,67,0.0,1.0
2022-11-14,58,0.0,1.0
2022-11-15,62,0.0,1.0
2022-11-16,48,0.0,1.0
2022-11-17,94,0.3,1.0
2022-11-18,94,0.3,1.0
2022-11-19,103,0.3,1.0
2022-11-20,139,0.3,1.4
2022-11-21,135,0.3,1.4
2022-11-22,116,0.3,1.4
2022-11-23,118,0.3,1.4
2022-11-24,124,0.3,1.4
2022-11-25,147,0.3,1.4
2022-11-26,138,0.3,1.4
2022-11-27,131,0.3,1.4
2022-11-28,127,0.3,1.4
2022-11-29,124,0.3,1.4
2022-11-30,125,0.3,1.4
2022-12-01,90,0.3,1.0
2022-12-02,94,0.3,1.0
2022-12-03,114,0.3,1.0
2022-12-04,104,0.3,1.0
2022-12-05,81,0.3,1.0
2022-12-06,80,0.3,1.0
2022-12-07,92,0.3,1.0
2022-12-08,65,0.0,1.0
2022-12-09,62,0.05,1.0
2022-12-10,110,0.05,1.6
2022-12-11,105,0.05,1.6
2022-12-12,98,0.05,1.6
2022-12-13,87,0.05,1.6
2022-12-14,96,0.05,1.6
2022-12-15,87,0.0,1.6
2022-12-16,98,0.0,1.6
2022-12-17,108,0.0,1.6
2022-12-18,84,0.0,1.6
2022-12-19,89,0.0,1.6
2022-12-20,72,0.0,1.6
2022-12-21,89,0.0,1.6
2022-12-22,81,0.0,1.6
2022-12-23,98,0.0,1.6
2022-12-24,91,0.0,1.6
2022-12-25,65,0.0,1.0
2022-12-26,62,0.0,1.0
2022-12-27,41,0.0,1.0
2022-12-28,54,0.0,1.0
2022-12-29,55,0.0,1.0
2022-12-30,54,0.0,1.0
2022-12-31,75,0.0,1.0
2023-01-01,54,0.0,0.9
2023-01-02,43,0.0,0.9
2023-01-03,43,0.0,0.9
2023-01-04,52,0.0,0.9
2023-01-05,48,0.0,0.9
2023-01-06,54,0.0,0.9
2023-01-07,53,0.0,0.9
2023-01-08,44,0.0,0.9
2023-01-09,41,0.0,0.9
2023-01-10,29,0.0,0.9
2023-01-11,42,0.0,0.9
2023-01-12,50,0.0,0.9
2023-01-13,53,0.0,0.9
2023-01-14,58,0.0,0.9
2023-01-15,54,0.0,0.9
2023-01-16,51,0.0,0.9
2023-01-17,46,0.0,0.9
2023-01-18,47,0.0,0.9
2023-01-19,56,0.0,0.9
2023-01-20,54,0.0,0.9
2023-01-21,52,0.0,0.9
2023-01-22,53,0.0,0.9
2023-01-23,42,0.0,0.9
2023-01-24,44,0.0,0.9
2023-01-25,45,0.0,0.9
2023-01-26,48,0.0,0.9
2023-01-27,59,0.0,0.9
2023-01-28,63,0.0,0.9
2023-01-29,55,0.0,0.9
2023-01-30,36,0.0,0.9
2023-01-31,43,0.0,0.9
2023-02-01,53,0.0,0.9
2023-02-02,69,0.0,0.9
2023-02-03,45,0.0,0.9
2023-02-04,60,0.0,0.9
2023-02-05,55,0.0,0.9
2023-02-06,50,0.0,0.9
2023-02-07,44,0.0,0.9
2023-02-08,57,0.0,0.9
2023-02-09,58,0.0,0.9
2023-02-10,62,0.0,0.9
2023-02-11,64,0.0,0.9
2023-02-12,55,0.0,0.9
2023-02-13,54,0.0,0.9
2023-02-14,49,0.0,0.9
2023-02-15,55,0.0,0.9
2023-02-16,45,0.0,0.9
2023-02-17,80,0.0,0.9
2023-02-18,61,0.0,0.9
2023-02-19,64,0.0,0.9
2023-02-20,54,0.0,0.9
2023-02-21,52,0.0,0.9
2023-02-22,61,0.0,0.9
2023-02-23,54,0.0,0.9
2023-02-24,61,0.0,0.9
2023-02-25,67,0.0,0.9
2023-02-26,57,0.0,0.9
2023-02-27,60,0.0,0.9
2023-02-28,42,0.0,0.9
2023-03-01,66,0.0,1.0
2023-03-02,68,0.0,1.0
2023-03-03,78,0.0,1.0
2023-03-04,74,0.0,1.0
2023-03-05,68,0.0,1.0
2023-03-06,65,0.0,1.0
2023-03-07,67,0.0,1.0
2023-03-08,66,0.0,1.0
2023-03-09,53,0.0,1.0
2023-03-10,67,0.0,1.0
2023-03-11,72,0.0,1.0
2023-03-12,69,0.0,1.0
2023-03-13,66,0.0,1.0
2023-03-14,54,0.0,1.0
2023-03-15,61,0.0,1.0
2023-03-16,63,0.0,1.0
2023-03-17,71,0.0,1.0
2023-03-18,76,0.0,1.0
2023-03-19,88,0.0,1.0
2023-03-20,65,0.0,1.0
2023-03-21,65,0.0,1.0
2023-03-22,72,0.0,1.0
2023-03-23,76,0.0,1.0
2023-03-24,70,0.0,1.0
2023-03-25,76,0.0,1.0
2023-03-26,80,0.0,1.0
2023-03-27,79,0.0,1.0
2023-03-28,74,0.0,1.0
2023-03-29,70,0.0,1.0
2023-03-30,67,0.0,1.0
2023-03-31,79,0.0,1.0
2023-04-01,84,0.0,1.0
2023-04-02,88,0.0,1.0
2023-04-03,69,0.0,1.0
2023-04-04,70,0.0,1.0
2023-04-05,73,0.0,1.0
2023-04-06,76,0.0,1.0
2023-04-07,79,0.0,1.0
2023-04-08,96,0.0,1.0
2023-04-09,82,0.0,1.0
2023-04-10,77,0.0,1.0
2023-04-11,76,0.0,1.0
2023-04-12,80,0.0,1.0
2023-04-13,81,0.0,1.0
2023-04-14,85,0.0,1.0
2023-04-15,100,0.0,1.0
2023-04-16,81,0.0,1.0
2023-04-17,75,0.0,1.0
2023-04-18,76,0.0,1.0
2023-04-19,77,0.0,1.0
2023-04-20,82,0.0,1.0
2023-04-21,96,0.0,1.0
2023-04-22,107,0.0,1.0
2023-04-23,75,0.0,1.0
2023-04-24,72,0.0,1.0
2023-04-25,82,0.0,1.0
2023-04-26,85,0.0,1.0
2023-04-27,82,0.0,1.0
2023-04-28,95,0.0,1.0
2023-04-29,94,0.0,1.0
2023-04-30,92,0.0,1.0
2023-05-01,75,0.0,1.0
2023-05-02,80,0.0,1.0
2023-05-03,80,0.0,1.0
2023-05-04,82,0.0,1.0
2023-05-05,96,0.0,1.0
2023-05-06,103,0.0,1.0
2023-05-07,86,0.0,1.0
2023-05-08,87,0.0,1.0
2023-05-09,74,0.0,1.0
2023-05-10,87,0.0,1.0
2023-05-11,71,0.0,1.0
2023-05-12,98,0.0,1.0
2023-05-13,100,0.0,1.0
2023-05-14,92,0.0,1.0
2023-05-15,90,0.0,1.0
2023-05-16,72,0.0,1.0
2023-05-17,94,0.0,1.0
2023-05-18,91,0.0,1.0
2023-05-19,103,0.0,1.0
2023-05-20,100,0.0,1.0
2023-05-21,98,0.0,1.0
2023-05-22,91,0.0,1.0
2023-05-23,86,0.0,1.0
2023-05-24,88,0.0,1.0
2023-05-25,98,0.0,1.0
2023-05-26,100,0.0,1.0
2023-05-27,107,0.0,1.0
2023-05-28,115,0.0,1.0
2023-05-29,84,0.0,1.0
2023-05-30,84,0.0,1.0
2023-05-31,101,0.0,1.0
2023-06-01,124,0.0,1.3
2023-06-02,133,0.0,1.3
2023-06-03,134,0.0,1.3
2023-06-04,114,0.0,1.3
2023-06-05,126,0.0,1.3
2023-06-06,121,0.0,1.3
2023-06-07,123,0.0,1.3
2023-06-08,112,0.0,1.3
2023-06-09,118,0.0,1.3
2023-06-10,132,0.0,1.3
2023-06-11,130,0.0,1.3
2023-06-12,123,0.05,1.3
2023-06-13,135,0.05,1.3
2023-06-14,132,0.05,1.3
2023-06-15,130,0.05,1.3
2023-06-16,142,0.05,1.3
2023-06-17,152,0.05,1.3
2023-06-18,134,0.0,1.3
2023-06-19,120,0.0,1.3
2023-06-20,108,0.0,1.3
2023-06-21,127,0.0,1.3
2023-06-22,122,0.0,1.3
2023-06-23,139,0.0,1.3
2023-06-24,129,0.0,1.3
2023-06-25,123,0.0,1.3
2023-06-26,111,0.0,1.3
2023-06-27,112,0.0,1.3
2023-06-28,123,0.0,1.3
2023-06-29,114,0.0,1.3
2023-06-30,116,0.0,1.3
2023-07-01,133,0.0,1.3
2023-07-02,162,0.2,1.3
2023-07-03,157,0.2,1.3
2023-07-04,142,0.2,1.3
2023-07-05,149,0.2,1.3
2023-07-06,146,0.2,1.3
2023-07-07,159,0.2,1.3
2023-07-08,161,0.2,1.3
2023-07-09,153,0.2,1.3
2023-07-10,154,0.2,1.3
2023-07-11,151,0.2,1.3
2023-07-12,148,0.2,1.3
2023-07-13,155,0.2,1.3
2023-07-14,165,0.2,1.3
2023-07-15,160,0.2,1.3
2023-07-16,139,0.0,1.3
2023-07-17,124,0.0,1.3
2023-07-18,107,0.0,1.3
2023-07-19,121,0.0,1.3
2023-07-20,135,0.0,1.3
2023-07-21,123,0.0,1.3
2023-07-22,138,0.0,1.3
2023-07-23,126,0.0,1.3
2023-07-24,122,0.0,1.3
2023-07-25,111,0.0,1.3
2023-07-26,104,0.0,1.3
2023-07-27,118,0.0,1.3
2023-07-28,135,0.0,1.3
2023-07-29,134,0.0,1.3
2023-07-30,136,0.0,1.3
2023-07-31,116,0.0,1.3
2023-08-01,113,0.0,1.3
2023-08-02,120,0.0,1.3
2023-08-03,115,0.0,1.3
2023-08-04,118,0.0,1.3
2023-08-05,134,0.0,1.3
2023-08-06,114,0.0,1.3
2023-08-07,126,0.0,1.3
2023-08-08,118,0.0,1.3
2023-08-09,125,0.0,1.3
2023-08-10,121,0.0,1.3
2023-08-11,123,0.0,1.3
2023-08-12,138,0.0,1.3
2023-08-13,118,0.0,1.3
2023-08-14,113,0.0,1.3
2023-08-15,106,0.0,1.3
2023-08-16,109,0.0,1.3
2023-08-17,106,0.0,1.3
2023-08-18,126,0.0,1.3
2023-08-19,120,0.0,1.3
2023-08-20,123,0.0,1.3
2023-08-21,113,0.0,1.3
2023-08-22,99,0.0,1.3
2023-08-23,105,0.0,1.3
2023-08-24,110,0.0,1.3
2023-08-25,112,0.0,1.3
2023-08-26,130,0.0,1.3
2023-08-27,116,0.0,1.3
2023-08-28,116,0.0,1.3
2023-08-29,112,0.0,1.3
2023-08-30,113,0.0,1.3
2023-08-31,96,0.0,1.3
2023-09-01,95,0.0,1.0
2023-09-02,95,0.0,1.0
2023-09-03,88,0.0,1.0
2023-09-04,82,0.0,1.0
2023-09-05,63,0.0,1.0
2023-09-06,80,0.0,1.0
2023-09-07,84,0.0,1.0
2023-09-08,93,0.0,1.0
2023-09-09,96,0.0,1.0
2023-09-10,97,0.0,1.0
2023-09-11,88,0.0,1.0
2023-09-12,80,0.0,1.0
2023-09-13,89,0.0,1.0
2023-09-14,77,0.0,1.0
2023-09-15,81,0.0,1.0
2023-09-16,88,0.0,1.0
2023-09-17,97,0.0,1.0
2023-09-18,81,0.0,1.0
2023-09-19,80,0.0,1.0
2023-09-20,73,0.0,1.0
2023-09-21,86,0.0,1.0
2023-09-22,88,0.0,1.0
2023-09-23,88,0.0,1.0
2023-09-24,89,0.0,1.0
2023-09-25,78,0.0,1.0
2023-09-26,73,0.0,1.0
2023-09-27,79,0.0,1.0
2023-09-28,83,0.0,1.0
2023-09-29,91,0.0,1.0
2023-09-30,96,0.0,1.0
2023-10-01,86,0.0,1.0
2023-10-02,73,0.0,1.0
2023-10-03,73,0.0,1.0
2023-10-04,90,0.0,1.0
2023-10-05,74,0.0,1.0
2023-10-06,84,0.0,1.0
2023-10-07,97,0.0,1.0
2023-10-08,64,0.0,1.0
2023-10-09,67,0.0,1.0
2023-10-10,65,0.0,1.0
2023-10-11,80,0.0,1.0
2023-10-12,80,0.0,1.0
2023-10-13,71,0.0,1.0
2023-10-14,97,0.0,1.0
2023-10-15,72,0.0,1.0
2023-10-16,81,0.0,1.0
2023-10-17,59,0.0,1.0
2023-10-18,65,0.0,1.0
2023-10-19,64,0.0,1.0
2023-10-20,81,0.0,1.0
2023-10-21,85,0.0,1.0
2023-10-22,78,0.0,1.0
2023-10-23,73,0.0,1.0
2023-10-24,60,0.0,1.0
2023-10-25,77,0.0,1.0
2023-10-26,62,0.0,1.0
2023-10-27,76,0.0,1.0
2023-10-28,82,0.0,1.0
2023-10-29,70,0.0,1.0
2023-10-30,65,0.0,1.0
2023-10-31,60,0.0,1.0
2023-11-01,62,0.0,1.0
2023-11-02,66,0.0,1.0
2023-11-03,77,0.0,1.0
2023-11-04,76,0.0,1.0
2023-11-05,57,0.0,1.0
2023-11-06,72,0.0,1.0
2023-11-07,52,0.0,1.0
2023-11-08,71,0.1,1.0
2023-11-09,89,0.1,1.0
2023-11-10,83,0.1,1.0
2023-11-11,85,0.1,1.0
2023-11-12,82,0.1,1.0
2023-11-13,59,0.0,1.0
2023-11-14,50,0.0,1.0
2023-11-15,91,0.3,1.0
2023-11-16,100,0.3,1.0
2023-11-17,105,0.3,1.0
2023-11-18,116,0.3,1.0
2023-11-19,112,0.3,1.0
2023-11-20,141,0.3,1.4
2023-11-21,127,0.3,1.4
2023-11-22,130,0.3,1.4
2023-11-23,141,0.3,1.4
2023-11-24,141,0.3,1.4
2023-11-25,153,0.3,1.4
2023-11-26,151,0.3,1.4
2023-11-27,140,0.3,1.4
2023-11-28,124,0.3,1.4
2023-11-29,133,0.3,1.4
2023-11-30,146,0.3,1.4
2023-12-01,97,0.3,1.0
2023-12-02,97,0.3,1.0
2023-12-03,96,0.3,1.0
2023-12-04,101,0.3,1.0
2023-12-05,81,0.3,1.0
2023-12-06,64,0.0,1.0
2023-12-07,54,0.0,1.0
2023-12-08,79,0.0,1.0
2023-12-09,71,0.0,1.0
2023-12-10,107,0.0,1.6
2023-12-11,92,0.0,1.6
2023-12-12,77,0.0,1.6
2023-12-13,100,0.0,1.6
2023-12-14,84,0.0,1.6
2023-12-15,102,0.0,1.6
2023-12-16,109,0.0,1.6
2023-12-17,103,0.0,1.6
2023-12-18,86,0.0,1.6
2023-12-19,76,0.0,1.6
2023-12-20,83,0.0,1.6
2023-12-21,91,0.0,1.6
2023-12-22,102,0.0,1.6
2023-12-23,120,0.0,1.6
2023-12-24,88,0.0,1.6
2023-12-25,57,0.0,1.0
2023-12-26,51,0.0,1.0
2023-12-27,57,0.0,1.0
2023-12-28,62,0.0,1.0
2023-12-29,74,0.0,1.0
2023-12-30,59,0.0,1.0
2023-12-31,55,0.0,1.0
2024-01-01,47,0.0,0.9
2024-01-02,35,0.0,0.9
2024-01-03,52,0.0,0.9
2024-01-04,58,0.0,0.9
2024-01-05,56,0.0,0.9
2024-01-06,52,0.0,0.9
2024-01-07,55,0.0,0.9
2024-01-08,59,0.0,0.9
2024-01-09,50,0.0,0.9
2024-01-10,51,0.0,0.9
2024-01-11,47,0.0,0.9
2024-01-12,67,0.0,0.9
2024-01-13,55,0.0,0.9
2024-01-14,51,0.0,0.9
2024-01-15,47,0.0,0.9
2024-01-16,50,0.0,0.9
2024-01-17,46,0.0,0.9
2024-01-18,50,0.0,0.9
2024-01-19,67,0.0,0.9
2024-01-20,60,0.0,0.9
2024-01-21,65,0.0,0.9
2024-01-22,48,0.0,0.9
2024-01-23,54,0.0,0.9
2024-01-24,56,0.0,0.9
2024-01-25,57,0.0,0.9
2024-01-26,54,0.0,0.9
2024-01-27,62,0.0,0.9
2024-01-28,59,0.0,0.9
2024-01-29,54,0.0,0.9
2024-01-30,50,0.0,0.9
2024-01-31,52,0.0,0.9
2024-02-01,60,0.0,0.9
2024-02-02,70,0.0,0.9
2024-02-03,73,0.0,0.9
2024-02-04,66,0.0,0.9
2024-02-05,66,0.0,0.9
2024-02-06,46,0.0,0.9
2024-02-07,60,0.0,0.9
2024-02-08,53,0.0,0.9
2024-02-09,66,0.0,0.9
2024-02-10,59,0.0,0.9
2024-02-11,59,0.0,0.9
2024-02-12,65,0.0,0.9
2024-02-13,52,0.0,0.9
2024-02-14,63,0.0,0.9
2024-02-15,73,0.0,0.9
2024-02-16,63,0.0,0.9
2024-02-17,71,0.0,0.9
2024-02-18,61,0.0,0.9
2024-02-19,63,0.0,0.9
2024-02-20,64,0.0,0.9
2024-02-21,57,0.0,0.9
2024-02-22,46,0.0,0.9
2024-02-23,67,0.0,0.9
2024-02-24,80,0.0,0.9
2024-02-25,63,0.0,0.9
2024-02-26,59,0.0,0.9
2024-02-27,51,0.0,0.9
2024-02-28,60,0.0,0.9
2024-02-29,61,0.0,0.9
2024-03-01,81,0.0,1.0
2024-03-02,80,0.0,1.0
2024-03-03,62,0.0,1.0
2024-03-04,61,0.0,1.0
2024-03-05,67,0.0,1.0
2024-03-06,64,0.0,1.0
2024-03-07,76,0.0,1.0
2024-03-08,79,0.0,1.0
2024-03-09,94,0.0,1.0
2024-03-10,78,0.0,1.0
2024-03-11,63,0.0,1.0
2024-03-12,57,0.0,1.0
2024-03-13,67,0.0,1.0
2024-03-14,61,0.0,1.0
2024-03-15,80,0.0,1.0
2024-03-16,86,0.0,1.0
2024-03-17,78,0.0,1.0
2024-03-18,71,0.0,1.0
2024-03-19,68,0.0,1.0
2024-03-20,71,0.0,1.0
2024-03-21,81,0.0,1.0
2024-03-22,83,0.0,1.0
2024-03-23,90,0.0,1.0
2024-03-24,84,0.0,1.0
2024-03-25,65,0.0,1.0
2024-03-26,75,0.0,1.0
2024-03-27,73,0.0,1.0
2024-03-28,79,0.0,1.0
2024-03-29,86,0.0,1.0
2024-03-30,95,0.0,1.0
2024-03-31,85,0.0,1.0
2024-04-01,77,0.0,1.0
2024-04-02,70,0.0,1.0
2024-04-03,80,0.0,1.0
2024-04-04,89,0.0,1.0
2024-04-05,85,0.0,1.0
2024-04-06,99,0.0,1.0
2024-04-07,83,0.0,1.0
2024-04-08,93,0.0,1.0
2024-04-09,70,0.0,1.0
2024-04-10,88,0.0,1.0
2024-04-11,80,0.0,1.0
2024-04-12,82,0.0,1.0
2024-04-13,92,0.0,1.0
2024-04-14,86,0.0,1.0
2024-04-15,82,0.0,1.0
2024-04-16,65,0.0,1.0
2024-04-17,88,0.0,1.0
2024-04-18,87,0.0,1.0
2024-04-19,95,0.0,1.0
2024-04-20,97,0.0,1.0
2024-04-21,97,0.0,1.0
2024-04-22,80,0.0,1.0
2024-04-23,74,0.0,1.0
2024-04-24,85,0.0,1.0
2024-04-25,89,0.0,1.0
2024-04-26,95,0.0,1.0
2024-04-27,94,0.0,1.0
2024-04-28,94,0.0,1.0
2024-04-29,99,0.0,1.0
2024-04-30,79,0.0,1.0
2024-05-01,86,0.0,1.0
2024-05-02,89,0.0,1.0
2024-05-03,87,0.0,1.0
2024-05-04,97,0.0,1.0
2024-05-05,88,0.0,1.0
2024-05-06,87,0.0,1.0
2024-05-07,78,0.0,1.0
2024-05-08,89,0.0,1.0
2024-05-09,85,0.0,1.0
2024-05-10,99,0.0,1.0
2024-05-11,108,0.0,1.0
2024-05-12,92,0.0,1.0
2024-05-13,95,0.0,1.0
2024-05-14,79,0.0,1.0
2024-05-15,85,0.0,1.0
2024-05-16,93,0.0,1.0
2024-05-17,102,0.0,1.0
2024-05-18,106,0.0,1.0
2024-05-19,93,0.0,1.0
2024-05-20,91,0.0,1.0
2024-05-21,90,0.0,1.0
2024-05-22,86,0.0,1.0
2024-05-23,94,0.0,1.0
2024-05-24,107,0.0,1.0
2024-05-25,114,0.0,1.0
2024-05-26,92,0.0,1.0
2024-05-27,95,0.0,1.0
2024-05-28,86,0.0,1.0
2024-05-29,96,0.0,1.0
2024-05-30,102,0.0,1.0
2024-05-31,100,0.0,1.0
2024-06-01,146,0.0,1.3
2024-06-02,134,0.0,1.3
2024-06-03,126,0.0,1.3
2024-06-04,110,0.0,1.3
2024-06-05,130,0.0,1.3
2024-06-06,122,0.0,1.3
2024-06-07,142,0.0,1.3
2024-06-08,138,0.0,1.3
2024-06-09,140,0.0,1.3
2024-06-10,124,0.0,1.3
2024-06-11,116,0.0,1.3
2024-06-12,135,0.0,1.3
2024-06-13,133,0.0,1.3
2024-06-14,137,0.0,1.3
2024-06-15,158,0.0,1.3
2024-06-16,134,0.0,1.3
2024-06-17,118,0.0,1.3
2024-06-18,124,0.0,1.3
2024-06-19,134,0.0,1.3
2024-06-20,123,0.0,1.3
2024-06-21,139,0.0,1.3
2024-06-22,141,0.0,1.3
2024-06-23,142,0.0,1.3
2024-06-24,125,0.0,1.3
2024-06-25,124,0.0,1.3
2024-06-26,130,0.0,1.3
2024-06-27,119,0.0,1.3
2024-06-28,136,0.0,1.3
2024-06-29,132,0.0,1.3
2024-06-30,124,0.0,1.3
2024-07-01,130,0.0,1.3
2024-07-02,154,0.2,1.3
2024-07-03,164,0.2,1.3
2024-07-04,161,0.2,1.3
2024-07-05,165,0.2,1.3
2024-07-06,166,0.2,1.3
2024-07-07,160,0.2,1.3
2024-07-08,150,0.2,1.3
2024-07-09,150,0.2,1.3
2024-07-10,162,0.2,1.3
2024-07-11,142,0.2,1.3
2024-07-12,175,0.2,1.3
2024-07-13,172,0.2,1.3
2024-07-14,168,0.2,1.3
2024-07-15,168,0.2,1.3
2024-07-16,114,0.0,1.3
2024-07-17,131,0.0,1.3
2024-07-18,133,0.0,1.3
2024-07-19,143,0.0,1.3
2024-07-20,149,0.0,1.3
2024-07-21,133,0.0,1.3
2024-07-22,130,0.0,1.3
2024-07-23,120,0.0,1.3
2024-07-24,125,0.0,1.3
2024-07-25,125,0.0,1.3
2024-07-26,139,0.0,1.3
2024-07-27,138,0.0,1.3
2024-07-28,130,0.0,1.3
2024-07-29,131,0.0,1.3
2024-07-30,116,0.0,1.3
2024-07-31,116,0.0,1.3
2024-08-01,130,0.0,1.3
2024-08-02,134,0.0,1.3
2024-08-03,140,0.0,1.3
2024-08-04,113,0.0,1.3
2024-08-05,127,0.0,1.3
2024-08-06,116,0.0,1.3
2024-08-07,121,0.0,1.3
2024-08-08,121,0.0,1.3
2024-08-09,134,0.0,1.3
2024-08-10,136,0.0,1.3
2024-08-11,123,0.0,1.3
2024-08-12,123,0.0,1.3
2024-08-13,116,0.0,1.3
2024-08-14,122,0.0,1.3
2024-08-15,118,0.0,1.3
2024-08-16,138,0.0,1.3
2024-08-17,137,0.0,1.3
2024-08-18,131,0.0,1.3
2024-08-19,123,0.0,1.3
2024-08-20,106,0.0,1.3
2024-08-21,122,0.0,1.3
2024-08-22,120,0.0,1.3
2024-08-23,123,0.0,1.3
2024-08-24,135,0.0,1.3
2024-08-25,120,0.0,1.3
2024-08-26,118,0.0,1.3
2024-08-27,107,0.0,1.3
2024-08-28,113,0.0,1.3
2024-08-29,105,0.0,1.3
2024-08-30,119,0.0,1.3
2024-08-31,147,0.0,1.3
2024-09-01,93,0.0,1.0
2024-09-02,98,0.0,1.0
2024-09-03,81,0.0,1.0
2024-09-04,92,0.0,1.0
2024-09-05,78,0.0,1.0
2024-09-06,102,0.0,1.0
2024-09-07,92,0.0,1.0
2024-09-08,94,0.0,1.0
2024-09-09,90,0.0,1.0
2024-09-10,76,0.0,1.0
2024-09-11,87,0.0,1.0
2024-09-12,70,0.0,1.0
2024-09-13,96,0.0,1.0
2024-09-14,100,0.0,1.0
2024-09-15,94,0.0,1.0
2024-09-16,82,0.0,1.0
2024-09-17,77,0.0,1.0
2024-09-18,88,0.0,1.0
2024-09-19,98,0.0,1.0
2024-09-20,95,0.0,1.0
2024-09-21,84,0.0,1.0
2024-09-22,89,0.0,1.0
2024-09-23,95,0.15,1.0
2024-09-24,95,0.15,1.0
2024-09-25,103,0.15,1.0
2024-09-26,97,0.15,1.0
2024-09-27,107,0.15,1.0
2024-09-28,110,0.15,1.0
2024-09-29,86,0.0,1.0
2024-09-30,68,0.0,1.0
2024-10-01,65,0.0,1.0
2024-10-02,75,0.0,1.0
2024-10-03,74,0.0,1.0
2024-10-04,75,0.0,1.0
2024-10-05,89,0.0,1.0
2024-10-06,84,0.0,1.0
2024-10-07,79,0.0,1.0
2024-10-08,64,0.0,1.0
2024-10-09,75,0.0,1.0
2024-10-10,68,0.0,1.0
2024-10-11,86,0.0,1.0
2024-10-12,88,0.0,1.0
2024-10-13,78,0.0,1.0
2024-10-14,75,0.0,1.0
2024-10-15,65,0.0,1.0
2024-10-16,85,0.0,1.0
2024-10-17,77,0.0,1.0
2024-10-18,81,0.0,1.0
2024-10-19,90,0.0,1.0
2024-10-20,70,0.0,1.0
2024-10-21,63,0.0,1.0
2024-10-22,63,0.0,1.0
2024-10-23,86,0.0,1.0
2024-10-24,74,0.0,1.0
2024-10-25,88,0.0,1.0
2024-10-26,89,0.0,1.0
2024-10-27,76,0.0,1.0
2024-10-28,78,0.0,1.0
2024-10-29,58,0.0,1.0
2024-10-30,75,0.0,1.0
2024-10-31,68,0.0,1.0
2024-11-01,75,0.0,1.0
2024-11-02,75,0.0,1.0
2024-11-03,72,0.0,1.0
2024-11-04,71,0.0,1.0
2024-11-05,62,0.0,1.0
2024-11-06,71,0.0,1.0
2024-11-07,68,0.0,1.0
2024-11-08,82,0.0,1.0
2024-11-09,83,0.0,1.0
2024-11-10,70,0.0,1.0
2024-11-11,65,0.0,1.0
2024-11-12,48,0.0,1.0
2024-11-13,75,0.0,1.0
2024-11-14,57,0.0,1.0
2024-11-15,75,0.0,1.0
2024-11-16,127,0.3,1.0
2024-11-17,103,0.3,1.0
2024-11-18,102,0.3,1.0
2024-11-19,96,0.3,1.0
2024-11-20,145,0.3,1.4
2024-11-21,145,0.3,1.4
2024-11-22,147,0.3,1.4
2024-11-23,145,0.3,1.4
2024-11-24,149,0.3,1.4
2024-11-25,137,0.3,1.4
2024-11-26,129,0.3,1.4
2024-11-27,148,0.3,1.4
2024-11-28,132,0.3,1.4
2024-11-29,157,0.3,1.4
2024-11-30,156,0.3,1.4
2024-12-01,108,0.3,1.0
2024-12-02,101,0.3,1.0
2024-12-03,81,0.3,1.0
2024-12-04,107,0.3,1.0
2024-12-05,90,0.3,1.0
2024-12-06,103,0.3,1.0
2024-12-07,75,0.0,1.0
2024-12-08,64,0.0,1.0
2024-12-09,58,0.0,1.0
2024-12-10,91,0.0,1.6
2024-12-11,106,0.0,1.6
2024-12-12,97,0.0,1.6
2024-12-13,121,0.0,1.6
2024-12-14,119,0.0,1.6
2024-12-15,121,0.0,1.6
2024-12-16,98,0.0,1.6
2024-12-17,80,0.0,1.6
2024-12-18,95,0.0,1.6
2024-12-19,99,0.0,1.6
2024-12-20,112,0.0,1.6
2024-12-21,119,0.0,1.6
2024-12-22,114,0.0,1.6
2024-12-23,98,0.0,1.6
2024-12-24,92,0.0,1.6
2024-12-25,65,0.0,1.0
2024-12-26,61,0.0,1.0
2024-12-27,71,0.0,1.0
2024-12-28,89,0.0,1.0
2024-12-29,63,0.0,1.0
2024-12-30,71,0.0,1.0
2024-12-31,46,0.0,1.0
2025-01-01,58,0.0,0.9
2025-01-02,51,0.0,0.9
2025-01-03,49,0.0,0.9
2025-01-04,71,0.0,0.9
2025-01-05,53,0.0,0.9
2025-01-06,56,0.0,0.9
2025-01-07,52,0.0,0.9
2025-01-08,54,0.0,0.9
2025-01-09,47,0.0,0.9
2025-01-10,66,0.0,0.9
2025-01-11,74,0.0,0.9
2025-01-12,64,0.0,0.9
2025-01-13,54,0.0,0.9
2025-01-14,50,0.0,0.9
2025-01-15,52,0.0,0.9
2025-01-16,57,0.0,0.9
2025-01-17,56,0.0,0.9
2025-01-18,59,0.0,0.9
2025-01-19,61,0.0,0.9
2025-01-20,52,0.0,0.9
2025-01-21,45,0.0,0.9
2025-01-22,60,0.0,0.9
2025-01-23,66,0.0,0.9
2025-01-24,62,0.0,0.9
2025-01-25,73,0.0,0.9
2025-01-26,61,0.0,0.9
2025-01-27,60,0.0,0.9
2025-01-28,42,0.0,0.9
2025-01-29,54,0.0,0.9
2025-01-30,54,0.0,0.9
2025-01-31,71,0.0,0.9
2025-02-01,68,0.0,0.9
2025-02-02,59,0.0,0.9
2025-02-03,67,0.0,0.9
2025-02-04,47,0.0,0.9
2025-02-05,66,0.0,0.9
2025-02-06,63,0.0,0.9
2025-02-07,56,0.0,0.9
2025-02-08,78,0.0,0.9
2025-02-09,64,0.0,0.9
2025-02-10,62,0.0,0.9
2025-02-11,41,0.0,0.9
2025-02-12,62,0.0,0.9
2025-02-13,58,0.0,0.9
2025-02-14,56,0.0,0.9
2025-02-15,80,0.0,0.9
2025-02-16,61,0.0,0.9
2025-02-17,59,0.0,0.9
2025-02-18,49,0.0,0.9
2025-02-19,58,0.0,0.9
2025-02-20,60,0.0,0.9
2025-02-21,70,0.0,0.9
2025-02-22,69,0.0,0.9
2025-02-23,67,0.0,0.9
2025-02-24,70,0.0,0.9
2025-02-25,60,0.0,0.9
2025-02-26,64,0.0,0.9
2025-02-27,68,0.0,0.9
2025-02-28,64,0.0,0.9
2025-03-01,78,0.0,1.0
2025-03-02,77,0.0,1.0
2025-03-03,71,0.0,1.0
2025-03-04,57,0.0,1.0
2025-03-05,65,0.0,1.0
2025-03-06,70,0.0,1.0
2025-03-07,94,0.0,1.0
2025-03-08,86,0.0,1.0
2025-03-09,82,0.0,1.0
2025-03-10,68,0.0,1.0
2025-03-11,63,0.0,1.0
2025-03-12,76,0.0,1.0
2025-03-13,67,0.0,1.0
2025-03-14,90,0.0,1.0
2025-03-15,82,0.0,1.0
2025-03-16,83,0.0,1.0
2025-03-17,77,0.0,1.0
2025-03-18,65,0.0,1.0
2025-03-19,81,0.0,1.0
2025-03-20,78,0.0,1.0
2025-03-21,98,0.0,1.0
2025-03-22,105,0.0,1.0
2025-03-23,75,0.0,1.0
2025-03-24,83,0.0,1.0
2025-03-25,72,0.0,1.0
2025-03-26,91,0.0,1.0
2025-03-27,75,0.0,1.0
2025-03-28,93,0.0,1.0
2025-03-29,89,0.0,1.0
2025-03-30,85,0.0,1.0
2025-03-31,79,0.0,1.0
2025-04-01,77,0.0,1.0
2025-04-02,84,0.0,1.0
2025-04-03,78,0.0,1.0
2025-04-04,81,0.0,1.0
2025-04-05,101,0.0,1.0
2025-04-06,85,0.0,1.0
2025-04-07,84,0.0,1.0
2025-04-08,76,0.0,1.0
2025-04-09,88,0.0,1.0
2025-04-10,93,0.0,1.0
2025-04-11,86,0.0,1.0
2025-04-12,82,0.0,1.0
2025-04-13,91,0.0,1.0
2025-04-14,78,0.0,1.0
2025-04-15,75,0.0,1.0
2025-04-16,92,0.0,1.0
2025-04-17,92,0.0,1.0
2025-04-18,95,0.0,1.0
2025-04-19,100,0.0,1.0
2025-04-20,88,0.0,1.0
2025-04-21,86,0.0,1.0
2025-04-22,75,0.0,1.0
2025-04-23,92,0.0,1.0
2025-04-24,95,0.0,1.0
2025-04-25,96,0.0,1.0
2025-04-26,93,0.0,1.0
2025-04-27,94,0.0,1.0
2025-04-28,78,0.0,1.0
2025-04-29,93,0.0,1.0
2025-04-30,86,0.0,1.0
2025-05-01,82,0.0,1.0
2025-05-02,99,0.0,1.0
2025-05-03,106,0.0,1.0
2025-05-04,99,0.0,1.0
2025-05-05,88,0.0,1.0
2025-05-06,89,0.0,1.0
2025-05-07,100,0.0,1.0
2025-05-08,89,0.0,1.0
2025-05-09,95,0.0,1.0
2025-05-10,109,0.0,1.0
2025-05-11,107,0.0,1.0
2025-05-12,94,0.0,1.0
2025-05-13,87,0.0,1.0
2025-05-14,93,0.0,1.0
2025-05-15,103,0.0,1.0
